hseb_code,school_code
8206,400040007
8019,40060010
7313,730100006
6853,680010006
6844,680180001
5686,560040008
5023,500400012
4957,490350009
3825,380070017
3437,340200080
2849,280570010
2780,270310344
2579,250230001
2226,220040030
2216,220360001
2104,210290008
1862,180520003
1861,180180002
1860,180040001
1667,160310003
1403,140170008
805,80050001
528,50580009
304,30200008
222,20210001
216,20080001
213,20290001
208,20390001
128,10480001
123,10030001
231,20250001
495,40120010
3458,340200047
7461,740040001
5333,530010003
8219,400320094
2447,240070003
8047,40060002
3923,390410001
4607,460740008
1408,140080003
7459,740040003
6021,600300001
5014,500300003
7402,740250001
8304,50180012
6507,650120002
1443,140250005
1561,150270003
1859,180040002
4874,480010011
233,20120004
112,10450006
228,20080002
479,40020005
5749,570010012
239,20250004
481,40470005
5843,580130018
1339,130050001
1958,190430019
649,60390011
4825,480010010
1638,160300007
542,50100002
8324,50050002
7687,270310311
5846,580110045
1659,160030014
1710,170540001
7430,740010008
7822,270240018
1756,170290003
5679,560050009
5736,570320032
2723,270520010
4005,400320096
7989,270310082
7419,740010003
3439,340200125
2736,270310511
8116,250270058
7991,270590005
7746,270100006
7741,270310099
2063,200150004
7953,270310324
624,60180009
597,50140016
8215,400320048
8031,40100016
7879,270280050
3039,300380012
1657,160900026
1547,150610009
804,80250010
1952,190160001
6202,620100002
3957,390040008
5676,560010014
3441,340200138
7742,270380004
5415,540180004
7937,270010004
7760,270310692
7428,740540001
4632,460320007
1526,151040003
6918,690110002
5654,560220007
7612,270300010
7009,700080010
742,70020004
5305,530470001
8261,400280001
8248,400320056
8212,400320117
7745,270190005
7607,270310021
6934,690440001
5981,590070041
5714,570250012
5225,520490003
5216,520020001
4944,490630039
4806,480050248
4643,460400001
3841,380120008
3806,380040024
3707,370590008
3404,340200065
2847,280170001
2808,280320003
2570,250270096
2455,240590005
2309,230690004
2128,210280008
1962,190400012
1530,150970016
1237,120050002
725,70160003
565,50240001
424,40420005
8007,40180005
7519,750080007
7403,740370007
7211,720200004
5739,570290006
3619,360290004
2706,270310347
1604,160630034
7926,270380007
4090,400220029
8517,350250007
7783,270230006
7229,720110094
6401,640150005
6050,600170003
5849,580040008
5754,570290003
4078,400260006
3976,390350010
3864,380090012
3728,370070001
3712,370190010
3045,300450005
2534,250270162
2439,240750003
2418,240060013
2131,210370001
1225,120040003
1126,110300014
588,50140127
515,50140010
207,20100001
8520,350200001
3052,300020010
7889,270310323
7785,270590008
5973,590480022
5607,560400020
4527,450280001
3312,330330002
3011,300070004
2620,260120049
2225,220080005
2201,220240014
914,90160007
706,70150030
586,50180008
488,40010017
484,40150003
473,40330014
310,30030001
103,10150009
7929,270310199
7823,270310271
7520,750060006
5021,500340006
3849,380250001
3313,330560001
3018,300060007
2530,250090004
7792,270310912
3427,340490003
2586,250230006
723,70140001
8605,480070139
8056,40060003
7948,270310488
7602,270310358
7224,720090003
6704,670030002
6703,670190011
6412,640120002
5848,580040009
5768,570320037
5761,570230014
5638,560090013
4911,490630041
4754,470250006
4645,460230003
4627,460040007
3973,390220012
3845,380110001
3456,340590003
3223,320240002
3221,320120002
3055,300370003
3037,300210008
3035,300190010
2829,280330001
2809,280480010
2638,260030005
2610,260030021
2592,250270037
2590,250220007
1959,190100003
1812,180440002
1713,170160027
1654,160390002
1003,100050002
920,90150009
739,70060008
434,40220006
332,30130001
115,10190007
8410,490390003
7233,720110025
2042,200070007
1943,190200002
5746,570190005
5523,550030003
5510,550380005
4555,450170010
4509,450020011
3474,340200120
3067,300390002
2556,250250005
2304,230250003
907,90080008
241,20260002
8249,400320064
7728,270310924
7619,270570005
7408,740190001
6938,690660007
6849,680200003
6310,630170002
5929,590030002
5829,580030006
5673,560210008
5530,550040002
5212,520080005
5118,510190013
4836,480080001
4777,470160003
4610,460060005
3842,380040008
3468,340200134
3130,310280011
3104,310210005
2775,270310879
2569,250270079
2535,250270129
2495,240080012
2449,240400006
2320,230510005
1401,140070007
1118,110260001
823,80240003
720,70320005
708,70130008
636,60120017
631,60180055
420,40110015
8507,350100016
8338,50090003
7986,270400007
7936,270140008
7812,270190006
7190,710230008
6846,680030005
6423,640160003
5671,560360004
5514,550240007
5017,500380005
5002,500690007
4746,470620030
3710,370070010
3459,340200038
3330,330680009
3101,310200041
3053,300370001
3036,300100008
3029,300150012
2636,260170009
2552,250370011
2468,240840002
2452,240060009
2421,240660014
1606,160630026
1545,150970010
1102,110250007
733,70360005
717,70220011
487,40150001
5942,590340007
5921,590290021
4998,490620006
2587,250270076
2465,240140006
8364,50610008
7992,270280068
6905,690130004
5908,590430014
5742,570320060
4562,450210002
2574,250270159
2424,240050003
1757,170100125
1668,160030005
1564,150600001
1307,130060002
1213,120280002
580,50050003
556,50140191
5818,580080009
2567,250040005
1456,140130005
476,40450007
8367,50030003
8268,400150008
8260,400320162
8247,400320055
8218,400320092
8107,250100003
8017,40120025
7965,270310025
7933,270310327
7851,270310047
7730,270230007
7642,270310405
7606,270310602
7526,750390004
7256,720160001
7222,720190001
7120,710100018
6926,690180001
6829,680350001
6512,650040003
6438,640180005
6427,640170002
6408,640020001
6306,630020003
6127,610070015
6037,600110001
6030,600190001
5971,590290017
5944,590320009
5827,580110029
4815,480210020
4658,460280002
4640,460240007
4628,460300007
4602,460540005
4082,400360003
4025,400140013
4009,400110001
4001,400320149
3974,390030005
3850,380110033
3814,380040004
3631,360060004
3246,320860001
3135,310040006
3007,300500006
2903,290050006
2839,280410008
2826,280020005
2738,270310769
2640,260030024
2621,260070010
2616,260080011
2596,250040004
2513,250190002
2482,240720007
2473,240200001
2461,240060010
2412,240380007
2222,220310005
2111,210020003
2106,210300002
1960,190400017
1915,190360005
1621,161080002
1303,130630001
923,90130033
819,80070001
744,70100002
703,70030010
702,70150029
701,70260001
595,50070005
587,50100008
531,50390013
475,40370019
460,40010018
316,30210001
315,30340001
118,10040006
7931,270310829
5655,560190005
2460,240060006
8342,50210018
8325,50310011
8123,250170007
8035,40010016
7506,750390007
7173,710100043
7152,710100052
6110,610160009
5725,570390008
3706,370200008
3239,320190007
1651,160630041
1529,150870003
8326,50140125
8312,50140178
8032,40220001
7988,270550007
7942,270310525
7648,270200006
6702,670110005
6510,650180010
3739,370200007
2768,270310475
2732,270310329
2360,230060010
1737,170020001
713,70080001
503,50530012
486,40010009
4945,490020007
8264,400320205
8263,400090006
7865,270280036
7704,270310807
7659,270310202
7154,710440009
6717,670160001
6115,610290002
4547,450310029
3362,330090003
3050,300240006
3026,300430001
3005,300290014
2901,290090010
2799,270310701
1514,150390008
608,60180011
534,50080006
2548,250270084
615,60180133
8446,490060003
8322,50330002
8228,400320134
7977,270040003
7938,270200005
7932,270310567
7930,270430002
7796,270070002
7716,270310773
7677,270310355
7323,730130021
7261,720110064
7207,720110142
7034,700360001
7028,700240005
7005,700350005
6939,690210004
6848,680020006
6833,680010004
6827,680060004
6813,680020005
6807,680190006
6805,680050008
6205,620230008
6203,620050004
6046,600100002
6017,600130001
5836,580290004
5709,570230003
5658,560160015
5304,530080004
5220,520090009
5119,510280001
4984,490250001
4621,460220009
4531,450060008
4307,430020011
4201,420070006
4084,400050011
4046,400320058
3939,390100001
3858,380220008
3837,380320002
3819,380040022
3801,380040006
3741,370400004
3731,370060004
3405,340200062
3134,310420003
3117,310020010
3066,300330014
3065,300050011
3030,300010003
2858,280170005
2848,280500003
2845,280020003
2837,280060007
2741,270060004
2637,260140006
2584,250150005
2583,250280009
2478,240360007
2454,240730006
2435,240190008
2429,240670005
2348,230110005
2318,230190002
2236,220010003
2049,200520010
1904,190500002
1413,140110019
1218,120250002
1027,100030005
917,90180001
829,80300009
811,80040001
806,80110005
741,70050011
740,70120004
732,70150028
722,70100009
640,60070012
629,60410005
462,40250008
230,20030001
210,20040001
202,20370001
129,10010002
122,10220006
120,10120001
5419,540270009
4972,490330002
3062,300280014
2598,250230005
1437,140210004
1614,160450007
1509,150390002
8404,490620018
8122,250270024
7855,270140007
7747,270310054
7743,270310088
7712,270310039
7703,270330016
7517,750180002
7327,730060001
6921,690050010
5741,570320026
5420,540210006
5111,510240005
4878,480020077
4850,480050240
4720,470440008
4048,400220026
3910,390240013
3829,380310008
3129,310200029
3115,310160001
2910,290090012
2844,280530004
2824,280080024
2702,270310290
2651,260030121
2618,260030048
2589,250270025
2361,230060014
1847,180480004
617,60180132
545,50070001
496,40120011
232,20180001
7775,270510003
5750,570320040
3917,390130011
3311,330750015
238,20270002
8302,50220009
8118,250300010
7778,270310011
7725,270150006
7705,270280012
7655,270150005
7504,750090008
7231,720110008
7035,700150006
7029,700110006
6912,690380003
6843,680270003
6810,680260002
6122,610200014
6013,600090001
5706,570320085
5416,540040012
5409,540070001
5406,540010002
5308,530220001
5223,520040009
5135,510330001
4895,480050251
4801,480050236
4718,470250009
4635,460540007
4543,450160012
4102,410020006
3993,390080001
3960,390320003
3839,380240010
3811,380110047
3234,320200002
3068,300070008
3060,300180011
2843,280260007
2833,280290009
2822,280210007
2765,270280020
2751,270350007
2634,260040007
2628,260120033
2492,240350004
2488,240060008
2456,240310004
2403,240060040
2352,230300007
2333,230370003
2243,220120002
2134,210020005
2124,210040001
2102,210350001
1559,151140005
1202,120440005
1129,110080002
1128,110010009
1119,110130002
1021,100060007
909,90130026
827,80090007
820,80130001
704,70290007
548,50140034
493,40350007
474,40090006
433,40100013
223,20200001
209,20260001
127,10320012
8368,50510011
8361,50120001
8359,50160002
7956,270310161
7714,270450004
7617,270310880
7221,720190003
6931,690240001
6812,680040004
6105,610020001
6102,610040003
5664,560350011
5444,540270023
5053,500150019
4623,460110006
4315,430140004
3911,390600025
2805,280310013
2560,250300002
2446,240510002
2425,240570002
2356,230090004
1927,190640038
1926,190050004
1207,120140003
1205,120330007
405,40010033
1662,160900014
8444,490330011
7838,270420003
7701,270310019
7521,750210009
7288,720020005
7281,720110077
7170,710010016
7016,700030015
6716,670090014
6710,670010007
5932,590400011
5812,580320001
5773,570230019
5724,570320062
5214,520200003
4893,480060757
4568,450290008
4440,440080005
3064,300030003
3033,300120007
2566,250200006
2564,250290013
2451,240060033
2434,240300003
2357,230410004
2242,220340008
1837,180750002
816,80270001
646,60010004
598,50140013
470,40140004
106,10170005
7872,270210005
7637,270310103
7427,740110006
5031,500180002
2725,270160057
2149,210330005
1976,190540002
1753,170010519
1341,130410001
8606,480140610
8421,490150002
8320,50270002
8255,400330016
8037,40110004
8033,40500028
8009,40340005
7974,270160030
7969,270520017
7950,270310686
7790,270280014
7749,270310607
7697,270310528
7601,270220015
7415,740450001
7328,730070001
7228,720100001
7130,710010010
6936,690190003
6924,690140001
6922,690040005
6915,690560001
6913,690140002
6902,690350003
6850,680110006
6832,680010007
6811,680070001
6723,670260001
6722,670010006
6714,670010005
6707,670040008
6431,640100004
6029,600350015
6001,600350001
5830,580030004
5718,570320014
5715,570250018
5124,510200012
5011,500060009
4927,490620010
4820,480120004
4743,470110002
4633,460480004
4629,460760002
4622,460550002
4614,460190001
4540,450090003
4526,450470003
4322,430400002
4303,430340004
4045,400300004
4039,400320032
4037,400320018
3990,390180006
3972,390330003
3824,380260001
3734,370120009
3661,360310010
3431,340200128
3430,340160002
3359,330020002
3357,330680007
3105,310200027
3056,300130008
3049,300010002
3040,300400002
3027,300300007
3016,300200016
3003,300410009
3001,300350015
2907,290040007
2834,280040005
2786,270310738
2766,270330005
2745,270160008
2721,270310147
2653,260120032
2585,250360005
2578,250140008
2532,250270092
2499,240360001
2445,240600008
2419,240490009
2416,240060005
2402,240230016
2344,230030008
2224,220040031
2223,220320002
2207,220400007
2062,200010004
2008,200340014
1930,190560007
1809,180600013
1663,160900021
1648,161020001
1305,130010001
1302,130420001
1203,120150002
1130,110250003
1108,110250006
1015,100030002
1011,100080006
921,90070001
734,70010004
731,70090001
728,70230007
724,70230006
718,70030008
650,60180044
604,60180013
577,50100001
480,40230001
478,40010021
457,40030015
337,30270005
324,30020012
323,30410008
217,20160001
121,10470005
8519,350050005
7925,270310401
7654,270310582
5422,540090004
4931,490090001
2514,250070008
2417,240060032
8046,40110003
7877,270310793
7794,270310537
7667,270370006
7416,740170002
7124,710010012
6911,690320001
5720,570250009
5309,530140001
4810,480310010
2852,280180005
2842,280180001
2781,270310688
2431,240010004
2342,230030003
1453,140040002
1444,140430024
814,80170011
729,70040007
675,60270060
235,20340002
3412,340620003
7807,270300004
7758,270370002
7145,710100030
6313,630040002
5646,560040026
5631,560040005
5413,540060379
4826,480010395
4569,450310036
3860,380110030
3457,340330008
2427,240760004
2007,200250041
1316,130030004
676,60180057
659,60270025
8008,40020014
7709,270310542
7456,740280002
7312,730030027
6834,680120006
6823,680150004
6815,680240005
6715,670100003
6712,670220002
6433,640260007
6304,630300003
5803,580150009
5224,520360005
5112,510180001
5004,500060003
4843,480650022
4771,470520005
4730,470530002
4401,440530009
4302,430410006
3958,390310001
3863,380080009
3729,370580005
3597,350330017
3449,340200063
3206,320910004
3051,300020013
2908,290130007
2832,280180007
2818,280130009
2806,280010002
2717,270310734
2405,240520007
2359,230560003
2218,220440006
2211,220500007
2209,220420002
2006,200180002
1430,140060008
1214,120360005
1212,120060003
1124,110010006
1111,110140005
828,80200001
719,70340008
715,70150004
707,70020008
688,60270049
686,60230012
602,60240004
471,40120040
450,40440018
422,40010013
326,30300006
8025,40150010
7971,270200007
7414,740400001
5417,540230005
5047,500430012
409,40010007
2565,250230011
8041,40110011
8027,40480014
7967,270230015
7964,270310302
7729,270400004
7694,270310508
7661,270310231
7618,270310872
7325,730030008
7267,720020007
7191,710010033
7032,700310005
6824,680130009
6718,670070003
6305,630050001
5964,590480010
5662,560070017
5050,500740004
4868,480020002
4841,480060023
4558,450310035
4304,430020013
4075,400320044
3940,390040001
3132,310080009
3126,310200056
3047,300060005
2911,290010008
2855,280460010
2624,260060006
2595,250330003
2443,240050002
2404,240630006
2123,210110001
1842,180340002
1721,170480009
1711,170100439
1512,150970012
1501,150520002
1442,140020002
1120,110160007
915,90130037
818,80030004
699,60270064
489,40010042
469,40240007
421,40370035
221,20160002
7923,270310142
7438,740100002
7195,710420065
5659,560390023
4317,430020005
3485,340330003
8358,50300003
8119,250190007
7945,270310260
7821,270310590
7711,270260005
7605,270220047
7407,740180001
7242,720050001
6831,680010008
6808,680030006
5901,590090005
5824,580230002
5519,550040006
5125,510030006
4920,490140050
4775,470530010
3912,390020011
3720,370020005
3475,340010001
3352,330750023
3106,310200023
3046,300050010
3024,300090007
3017,300040009
3014,300040011
2857,280040011
2854,280350004
2846,280300005
2838,280240004
2804,280610001
2341,230380007
2325,230170006
2308,230360005
2246,220140007
2103,210490005
1201,120050001
1024,100620005
1014,100470002
607,60270023
555,50300001
445,40350009
236,20010003
664,60180071
7970,270310174
7871,270210010
7268,720130014
6302,630040013
6049,600230007
5821,580010001
4955,490090002
3933,390020004
2605,260120015
2329,230140011
1658,160070006
1551,150970018
1220,120240007
327,30070028
8048,40010001
7922,270310200
7903,270160013
7710,270310319
7609,270310223
7424,740160017
7305,730030025
6701,670210010
6101,610130009
5976,590090008
5966,590070046
5841,580010004
5401,540060010
4905,490140016
3059,300080003
2623,260030100
1449,140430007
737,70200006
690,60040005
485,40070011
7836,270380035
7769,270140003
465,40370027
8511,350050048
8243,400320144
8006,40130012
7984,270310438
7908,270310626
7829,270310608
7797,270310205
7752,270080003
7744,270060014
7643,270220005
7439,740100004
7411,740230003
7272,720060013
7157,710210008
7150,710400016
6927,690030003
6923,690040003
6910,690230004
6840,680030003
6708,670180001
6439,640010006
5839,580080012
5630,560040013
5619,560400028
5528,550090004
5518,550080003
5201,520020004
5041,500380003
4986,490140025
4929,490670007
4769,470620010
4745,470530005
4639,460030001
3951,390190003
3479,340680003
3469,340200029
3025,300170010
3021,300160001
3004,300340015
2906,290070001
2841,280080026
2778,270310230
2776,270310969
2711,270310716
2462,240820008
2406,240660013
2316,230720004
2143,210120003
2140,210140005
2060,200180012
2035,200250062
1949,190170002
1906,190430004
1750,170310008
1744,170100420
1718,170100432
1653,160030002
1433,140120001
1335,130590003
1312,130490001
1239,120120001
1103,110300015
1033,100290006
1019,100520005
906,90130027
813,80060002
721,70150034
705,70150016
687,60120025
606,60270012
544,50140059
522,50580016
107,10090003
7134,710060009
3358,330340012
8250,400320078
8016,40110009
7869,270310428
7766,270310645
7690,270080018
7422,740100003
7321,730150001
7315,730030011
7302,730010003
7245,720080002
7141,710100070
6125,610010005
6032,600500001
5828,580070001
4907,490630025
4889,480620004
3319,330520018
3042,300420008
2790,270310871
2787,270310225
2761,270310965
2059,200110006
1770,170140445
1760,170100373
1673,160030006
926,90130053
808,80030003
319,30010008
8429,490040003
8005,40290010
7957,270280027
7811,270310617
7771,270080054
7707,270310336
7409,740090004
5010,500260008
5001,500100003
4932,490620011
4805,480050250
3429,340200057
2345,230080008
1420,140010011
655,60180058
130,10010005
8510,350320013
7830,270310135
7768,270280030
7666,270220019
7656,270300005
7613,270310662
7512,750370003
7405,740600001
7330,730030023
7216,720110002
7033,700290004
6411,640230007
5825,580070010
5680,560270006
5643,560010001
5217,520030002
4845,480380013
3061,300070007
3034,300290015
2823,280140003
2632,260090008
2065,200030002
2058,200250033
2013,200030009
1828,180500004
1104,110310004
919,90130015
671,60100003
516,50090009
449,40120016
418,40030036
7022,700130025
3480,340110004
2744,270310424
8350,50280016
8052,40120015
8045,40070002
7985,270280029
7963,270230021
7951,270560001
7833,270310219
7740,270240024
7708,270310436
7518,750020002
7510,750020001
7449,740210002
7314,730020012
7180,710420029
7014,700100004
6429,640040005
5977,590220011
5945,590070060
5826,580030001
5326,530170003
4909,490630032
4816,480120527
4751,470260003
4663,460500006
4626,460490004
4425,440060001
4309,430010002
4029,400320129
4022,400320169
3726,370070009
3128,310040001
3123,310060005
2856,280230006
2718,270310630
2476,240650028
2432,240760005
2340,230060012
2337,230020005
2213,220040017
2014,200250045
1724,170330005
1436,140410025
1236,120330006
692,60270056
593,50050009
458,40040006
411,40440006
339,30040009
305,30450004
237,20200005
116,10100008
102,10380003
8710,710100019
7839,270310558
7782,270310182
7750,270280056
6903,690240006
6713,670270005
6042,600350028
5765,570010001
5524,550110003
5517,550020006
5432,540060008
4402,440540006
4057,400220053
3138,310290006
2635,260030023
2453,240230017
1978,190220001
1742,170580002
620,60180062
8106,250270034
7464,740270003
7451,740020004
6826,680330006
5943,590480033
5436,540040011
3713,370210010
2812,280130010
2503,250270140
2363,230040006
2220,220370001
1971,190330002
530,50280011
8348,50360012
7765,270310442
7751,270310847
7502,750150001
7501,750220008
5775,570010011
3114,310200018
2853,280040010
2750,270310926
2229,220250008
1977,190110006
1431,140070004
3727,370120008
8518,350010010
8513,350050021
8443,490630012
8042,40170011
7804,270310927
7673,270220032
7627,270080011
7413,740520004
7251,720080016
7155,710230026
7001,700040003
6010,600110005
5915,590060001
5832,580110008
5532,550250008
5429,540190004
5411,540040318
5329,530010004
5129,510180007
5128,510060003
4906,490140036
4618,460240004
4567,450180002
4557,450310021
4444,440480017
3435,340200073
3342,330140001
3023,300100006
2821,280060005
2757,270360012
2469,240630002
2407,240400009
2238,220040004
1979,190640050
1845,180600003
1558,150560003
1506,150240008
1013,100050003
652,60180054
330,30060018
8301,50480009
7684,270310577
7662,270310732
7421,740210005
6610,660040003
5426,540060013
5403,540400003
4839,480130348
4770,470530004
4437,440480013
4074,400320042
3736,370070008
2055,200420012
553,50240008
8245,400220038
8117,250400008
8103,250420002
7309,730070003
7123,710070009
6417,640150009
6314,630270008
6011,600120005
5770,570250036
5731,570390014
3345,330680005
2515,250270007
2133,210180007
1334,130240013
463,40090001
114,10020006
6709,670080004
6026,600330007
5719,570020008
5105,510360011
2311,230620005
1736,170390004
1434,140380002
698,60040006
226,20280001
8340,50200020
8125,250230004
7828,270310524
7172,710090017
6837,680290001
5924,590020023
5703,570320022
5325,530080003
5207,520010003
4630,460260005
4611,460410004
4417,440180009
4093,400100006
4069,400010008
3920,390120005
3141,310060004
2825,280050005
2498,240380006
2489,240650002
2328,230060015
2239,220160006
2212,220210007
2122,210100006
1707,170480045
1527,150010003
1224,120340006
1219,120040002
691,60010006
685,60260028
573,50430014
466,40010012
329,30160004
126,10160005
119,10320009
8110,250300001
7835,270280025
7738,270310907
7203,720070005
6309,630070007
5918,590070035
5427,540280001
4077,400050014
2031,200130007
1637,160630012
1557,150970044
1555,150820001
1017,100360005
570,50020001
7920,270310360
7888,270370019
7866,270280009
7847,270310541
7683,270300053
7189,710140016
5705,570010003
5668,560160002
5414,540060412
5046,500340014
4840,480120665
4604,460070007
3058,300350020
3057,300020018
2629,260120065
2512,250270183
2471,240310006
1726,170480144
1409,140060011
1332,130210005
1208,120430006
1123,110110009
632,60260009
413,40070001
334,30340006
109,10320022
8310,50450011
1543,150290005
8339,50350021
7844,270310370
7791,270210023
7227,720040001
6801,680050005
6435,640190004
6322,630010002
6126,610070009
5979,590480016
5763,570430016
5509,550030006
5314,530120005
5123,510370003
4879,480060018
4647,460030004
3919,390240003
3886,380080359
3880,380170017
2601,260120053
2568,250060002
2314,230030004
1931,190400011
1751,170270005
1427,140300011
1325,130050006
1221,120190002
1215,120090003
1211,120080004
1026,100060006
916,90040003
415,40200009
335,30140009
227,20310001
7982,270280040
7857,270330018
7849,270310489
6821,680080001
714,70150027
414,40100021
7893,270310838
7736,270310313
6501,650020009
5318,530390002
5020,500060013
4570,450060006
2905,290010010
2779,270310835
2749,270310133
2599,250270118
1321,130240012
8251,400320106
7935,270310581
7225,720100010
4941,490140022
2502,250270063
8254,400320190
7663,270150002
7644,270310194
7463,740030006
7446,740120002
7135,710120013
6111,610040011
5967,590040001
4965,490430008
4637,460590006
4573,450180015
4312,430190008
3995,390350004
3807,380280002
3701,370360005
3461,340200055
3406,340200173
3109,310200032
3070,300040015
3009,300020002
2758,270310062
2520,250020003
2442,240030001
2119,210020004
1775,170060334
1222,120520002
1016,100300003
908,90020002
711,70010006
667,60020003
537,50100021
5628,560190017
1322,130540001
8232,400320145
8011,40450001
7981,270310995
5026,500010002
4521,450020005
3953,390010004
3938,390030009
3658,360190002
2835,280060006
2731,270310504
1538,150970025
1319,130490003
3599,350050006
2727,270310968
2542,250270066
8344,50380034
7976,270280054
7901,270220010
7767,270230008
7257,720110087
7018,700130005
7002,700190001
6418,640150011
6018,600220002
5838,580030007
5716,570010008
5435,540040007
5027,500420008
4015,400420005
3136,310150001
3069,300050003
2654,260180011
2613,260040002
2475,240350002
2245,220190002
1980,190560008
1521,150230003
1457,140430055
1455,140440016
1310,130700001
735,70110003
726,70060005
681,60120001
306,30050005
2067,200530001
7968,270310720
7789,270510004
4983,490010012
3054,300340019
2045,200250040
8225,400320083
8030,40500008
7915,270130003
7527,750060005
7182,710070029
5104,510130008
4995,490630011
3884,380370006
3020,300160002
2511,250230010
2146,210180002
2127,210030004
1749,170040224
1645,160090006
1440,140010006
1318,130240010
743,70310013
680,60230014
633,60410007
482,40100005
3929,390440033
8413,490330016
7732,270410001
7700,270360002
7686,270290003
7671,270170004
7259,720140007
7167,710070005
7137,710100013
6004,600120001
5764,570190003
5755,570270003
4441,440110002
4413,440190006
4042,400320105
2438,240690004
2101,210260003
1829,180340038
1745,170830003
1315,130300001
322,30050004
314,30140005
234,20130002
5762,570230006
5666,560390040
8229,400320063
8036,40130002
7719,270310457
7431,740560003
7333,730030036
6705,670200005
6104,610050006
5820,580030014
5819,580130001
5690,560180003
4952,490630018
4424,440070002
3970,390440045
3217,320240001
1765,170100430
4991,490320014
2606,260120052
8714,710420008
8363,50360010
8259,400320152
8220,400320093
8029,40080009
7842,270380023
7674,270310550
7169,710090002
6047,600010011
5717,570250010
5633,560010009
5209,520360006
4979,490230003
4852,480210001
4442,440340001
3610,360500019
3137,310110003
2902,290100005
2819,280190006
2549,250230012
2477,240890005
2448,240060022
2420,240060024
1834,180340015
1426,140350002
1028,100010004
904,90180005
825,80220001
669,60090015
657,60010001
518,50320005
468,40100001
7308,730030028
8412,490220010
8347,50370003
8102,250090002
7973,270310620
7748,270080013
7528,750070010
6504,650130003
5727,570320016
5644,560070019
4846,480110417
3961,390040006
3360,330520053
673,60090019
7457,740030004
7241,720110109
6836,680100005
4517,450310023
3236,320130002
567,50640013
8441,490200005
7962,270280026
7511,750030003
7503,750330001
7110,710010031
6932,690690001
4776,470100005
4085,400320188
2836,280080032
2784,270310633
2713,270310224
2005,200250042
1858,180090019
1735,170300004
8316,50270011
7952,270230009
7685,270310884
7505,750020007
6430,640060005
5122,510340002
4099,400220036
2056,200200017
1517,150590007
1410,140270014
925,90080009
625,60110014
455,40100009
7809,270310477
7434,740160012
5687,560030011
2046,200080018
1716,170300005
591,50020009
2247,220040036
7802,270310013
6040,600020001
5205,520150003
2730,270520009
2038,200290013
347,30340017
8004,40010008
7119,710100060
5418,540420005
3826,380010015
3476,340190003
2793,270050010
1957,190100023
578,50640020
204,20050008
7972,270280004
7219,720090004
3702,370090011
2024,200130008
812,80020004
7640,270310743
6847,680340003
6415,640140018
2777,270310093
2019,200110002
1910,190390015
448,40370033
343,30150027
7874,270310772
2219,220340010
113,10440004
8716,710100058
7891,270280052
3471,340200019
2338,230110003
7307,730060002
5952,590480001
5946,590070029
3483,340200052
1852,180450007
609,60270071
7852,270380015
7440,740330001
1719,170170006
6019,600120026
5442,540100013
4522,450310025
416,40430012
3482,340200136
8512,350050089
8043,40030010
5331,530010006
5324,530010005
2703,270080010
1560,151030002
1523,150850001
661,60200009
5320,530430006
2783,270310240
2767,270310410
683,60270018
7670,270320005
342,30340024
8256,400220061
8034,40020003
7892,270280038
7447,740040005
6506,650100005
6802,680030001
5958,590480003
2493,240650036
822,80010004
8238,400320124
4928,490620012
1114,110260010
439,40190006
2016,200250039
7249,720120001
3949,390530009
2204,220030001
1936,190050007
5045,500420013
2240,220350001
1864,180270007
8366,50250003
7798,270310377
6839,680160003
6409,640020006
5963,590070025
5312,530230008
2816,280350010
2231,220190007
651,60420003
491,40380002
3454,340200025
1833,180090006
317,30090004
665,60230008
5215,520010002
3231,320310001
2244,220040005
1773,170840021
642,60160002
5953,590070053
1012,100150003
340,30060004
7320,730020009
7026,700010002
3615,360240004
3260,320040002
3008,300130014
2116,210180001
1209,120130005
1029,100400005
815,80040002
727,70110013
560,50640011
325,30020008
596,50190002
7159,710040004
6724,670110008
6123,610060009
6109,610120009
2474,240630001
1826,180420001
8703,710300010
6822,680020009
6318,630140007
6118,610040006
5211,520040007
4765,470090008
4434,440090001
1313,130190012
8434,490360003
7987,270530004
7326,730090002
6919,690160002
6605,660050005
6009,600200001
5766,570120004
5677,560350009
5141,510310009
4523,450310027
4426,440320002
3337,330380003
3022,300470002
2807,280270002
2481,240060015
2237,220020006
2227,220350003
1522,150960002
1009,100190007
505,50140033
497,40260003
8802,60030001
7458,740020001
7205,720070001
6917,690430004
6119,610140001
574,50140060
1832,180340010
8705,710040002
8266,400320104
8105,250030002
7947,270310368
7793,270390002
6845,680110005
6434,640300001
6129,610040007
6117,610200003
5531,550100005
4862,480010616
4542,450050004
4435,440400002
3125,310280009
2909,290090007
2708,270200003
2401,240650025
2324,230050002
2230,220050005
1004,100380009
214,20220001
7410,740030001
7324,730020013
6841,680080009
6602,660210004
6128,610020006
5940,590060002
5310,530230007
4636,460010003
3975,390040003
3419,340120003
1968,190360007
1329,130170007
821,80010002
7820,270140010
7664,270310090
7444,740200001
6606,660080001
6207,620210002
6204,620200002
6108,610080007
5729,570110004
4750,470400003
4572,450400004
3646,360110007
3608,360110008
3353,330780001
3139,310100007
2612,260030069
2241,220020001
2120,210550007
1309,130170001
1005,100080001
647,60060001
590,50040003
3965,390210002
3230,320620003
2121,210200001
7445,740510002
2441,240620011
5322,530210001
5972,590220012
5744,570080012
1763,170030001
584,50040006
1722,170720001
2141,210060008
7209,720040003
218,20020001
3328,330680013
8702,710380012
8244,400320008
7927,270220041
7706,270310878
6321,630070001
809,80050007
427,40070015
